evidence_id,source_name,organization_type,primary_geography,signal_strength_for_sw,source_type,source_locator,base_source_url,page_title,excerpt,entity,value_chain_role_A4,signal_type_A3,claim_tags_A5,mapped_market_A1_1,mapped_market_A1_2,mapped_market_A1_3,mapped_tech_A2_1,mapped_tech_A2_2,mapped_tech_A2_3,conditions_of_use_A6_notes,date_published_or_observed,captured_date,ingestion_method,mapping_confidence,mapped_by,mapped_on,analyst_notes
EV-2F7A957B,Packaging Europe,Trade Press,Global / EU-weighted,High,web,https://packagingeurope.com/,https://packagingeurope.com/,A sustainable future for packaging | Packaging News,"Packaging Europe brings its readers latest packaging technology, design and innovation news updates and views from all over Europe. Packaging Europe magazine is Europe's premium packaging publication",Packaging Europe,Technology Provider,Pilot / Trial / Customer validation,,(not detected — see source),,,"Recyclability enabling tech (de-inking, wash-off, adhesive releasability)",,,(unknown – manual review needed),2026-05-27,2026-05-27,assisted,0.75,extract_sources.py v1,2026-05-27,
EV-9408607F,Packaging Europe,Trade Press,Global / EU-weighted,High,web,https://packagingeurope.com/features/how-the-packaging-industry-is-embracing-intelligent-sorting/14287.article,https://packagingeurope.com/,How the packaging industry is embracing intelligent sorting,[From Packaging Europe listing] How the packaging industry is embracing intelligent sorting,Packaging Europe,Technology Provider,Regulatory milestone,,(not detected — see source),,,"Recyclability enabling tech (de-inking, wash-off, adhesive releasability)",,,(unknown – manual review needed),2026-05-27,2026-05-27,assisted,0.75,extract_sources.py v1,2026-05-27,
EV-8909A31D,Packaging Europe,Trade Press,Global / EU-weighted,High,web,https://packagingeurope.com/features/packaging-europes-reflections-on-interpack-2026/14282.article,https://packagingeurope.com/,Packaging Europe’s reflections on interpack 2026,[From Packaging Europe listing] Packaging Europe’s reflections on interpack 2026,Packaging Europe,Technology Provider,Regulatory milestone,,(not detected — see source),,,"Recyclability enabling tech (de-inking, wash-off, adhesive releasability)",,,(unknown – manual review needed),2026-05-27,2026-05-27,assisted,0.75,extract_sources.py v1,2026-05-27,
EV-DD039DC0,Packaging Europe,Trade Press,Global / EU-weighted,High,web,https://packagingeurope.com/features/how-is-the-strait-of-hormuz-crisis-impacting-european-plastics-recycling/14213.article,https://packagingeurope.com/,How is the Strait of Hormuz crisis impacting European plastics recycling?,[From Packaging Europe listing] How is the Strait of Hormuz crisis impacting European plastics recycling?,Packaging Europe,Technology Provider,Regulatory milestone,,(not detected — see source),,,"Recyclability enabling tech (de-inking, wash-off, adhesive releasability)",,,(unknown – manual review needed),2026-05-27,2026-05-27,assisted,0.75,extract_sources.py v1,2026-05-27,
EV-6C980836,Packaging Europe – News,Trade Press,Global / EU-weighted,High,web,https://packagingeurope.com/sections/news,https://packagingeurope.com/sections/news,Packaging News | Packaging Europe,Latest Packaging News by Packaging Europe,Packaging Europe – News,Technology Provider,Pilot / Trial / Customer validation,,(not detected — see source),,,(not detected — see source),,,(unknown – manual review needed),2026-05-27,2026-05-27,assisted,0.6,extract_sources.py v1,2026-05-27,
EV-FABAFE8A,Packaging Europe – News,Trade Press,Global / EU-weighted,High,web,https://packagingeurope.com/features/the-ultimate-guide-to-packaging-innovation-in-2026/13821.article,https://packagingeurope.com/sections/news,The ultimate guide to packaging innovation in 2026,[From Packaging Europe – News listing] The ultimate guide to packaging innovation in 2026,Packaging Europe – News,Technology Provider,Patent / IP,,(not detected — see source),,,(not detected — see source),,,(unknown – manual review needed),2026-05-27,2026-05-27,assisted,0.6,extract_sources.py v1,2026-05-27,
EV-E8F46056,Packaging Europe – News,Trade Press,Global / EU-weighted,High,web,https://packagingeurope.com/comment/how-packaging-data-gaps-can-impact-compliance-and-investment/14322.article,https://packagingeurope.com/sections/news,How packaging data gaps can impact compliance and investment,[From Packaging Europe – News listing] How packaging data gaps can impact compliance and investment,Packaging Europe – News,Technology Provider,Capacity expansion / Capex,,(not detected — see source),,,(not detected — see source),,,(unknown – manual review needed),2026-05-27,2026-05-27,assisted,0.6,extract_sources.py v1,2026-05-27,
EV-AF547C70,Packaging Europe – News,Trade Press,Global / EU-weighted,High,web,https://packagingeurope.com/sk-chemicals-seven-plastic-materials-confirmed-compatible-with-eu-recycling/14317.article,https://packagingeurope.com/sections/news,SK Chemicals’ seven plastic materials confirmed compatible with EU recycling,[From Packaging Europe – News listing] SK Chemicals’ seven plastic materials confirmed compatible with EU recycling,Packaging Europe – News,Technology Provider,Patent / IP,,Industrial / Specialty – Chemicals / Aggressive contents,,,"Recyclability enabling tech (de-inking, wash-off, adhesive releasability)",,,(unknown – manual review needed),2026-05-27,2026-05-27,assisted,0.9,extract_sources.py v1,2026-05-27,
EV-B5CD6512,Packaging Europe – News,Trade Press,Global / EU-weighted,High,web,https://packagingeurope.com/news/disposable-baby-diapers-recycled-into-pyrolysis-oils-to-produce-new-plastics/14316.article,https://packagingeurope.com/sections/news,Disposable baby diapers recycled into pyrolysis oils to produce new plastics,[From Packaging Europe – News listing] Disposable baby diapers recycled into pyrolysis oils to produce new plastics,Packaging Europe – News,Technology Provider,Patent / IP,,(not detected — see source),,,"Recyclability enabling tech (de-inking, wash-off, adhesive releasability)",,,(unknown – manual review needed),2026-05-27,2026-05-27,assisted,0.75,extract_sources.py v1,2026-05-27,
EV-9BD06BCF,Packaging Europe – News,Trade Press,Global / EU-weighted,High,web,https://packagingeurope.com/news/fold-and-squeeze-paper-pack-dispenses-98-of-liquid-product-for-easy-use/14313.article,https://packagingeurope.com/sections/news,Fold-and-squeeze paper pack dispenses 98% of liquid product for easy use,[From Packaging Europe – News listing] Fold-and-squeeze paper pack dispenses 98% of liquid product for easy use,Packaging Europe – News,Technology Provider,Patent / IP,,(not detected — see source),,,(not detected — see source),,,(unknown – manual review needed),2026-05-27,2026-05-27,assisted,0.6,extract_sources.py v1,2026-05-27,
EV-9FAF3F70,Packaging Europe – Sustainability Topic Hub,Trade Press,Global / EU-weighted,High,web,https://packagingeurope.com/topics/sustainability/,https://packagingeurope.com/topics/sustainability/,Packaging Europe | A Sustainable Future for Packaging,Sustainable packaging innovation and green technologies cutting waste and reducing energy consumption for environmentally friendly supply chains,Packaging Europe – Sustainability Topic Hub,Certification / Testing Lab,Material performance claim,compostable,(not detected — see source),,,"Recyclability enabling tech (de-inking, wash-off, adhesive releasability)",Compostability certification path (industrial/home),,(unknown – manual review needed),2026-05-27,2026-05-27,assisted,0.75,extract_sources.py v1,2026-05-27,
EV-FABAFE8A,Packaging Europe – Sustainability Topic Hub,Trade Press,Global / EU-weighted,High,web,https://packagingeurope.com/features/the-ultimate-guide-to-packaging-innovation-in-2026/13821.article,https://packagingeurope.com/topics/sustainability/,The ultimate guide to packaging innovation in 2026,[From Packaging Europe – Sustainability Topic Hub listing] The ultimate guide to packaging innovation in 2026,Packaging Europe – Sustainability Topic Hub,Certification / Testing Lab,Material performance claim,compostable,(not detected — see source),,,"Recyclability enabling tech (de-inking, wash-off, adhesive releasability)",Compostability certification path (industrial/home),,(unknown – manual review needed),2026-05-27,2026-05-27,assisted,0.75,extract_sources.py v1,2026-05-27,
EV-B5CD6512,Packaging Europe – Sustainability Topic Hub,Trade Press,Global / EU-weighted,High,web,https://packagingeurope.com/news/disposable-baby-diapers-recycled-into-pyrolysis-oils-to-produce-new-plastics/14316.article,https://packagingeurope.com/topics/sustainability/,Disposable baby diapers recycled into pyrolysis oils to produce new plastics,[From Packaging Europe – Sustainability Topic Hub listing] Disposable baby diapers recycled into pyrolysis oils to produce new plastics,Packaging Europe – Sustainability Topic Hub,Certification / Testing Lab,Material performance claim,compostable,(not detected — see source),,,"Recyclability enabling tech (de-inking, wash-off, adhesive releasability)",Compostability certification path (industrial/home),,(unknown – manual review needed),2026-05-27,2026-05-27,assisted,0.75,extract_sources.py v1,2026-05-27,
EV-9BD06BCF,Packaging Europe – Sustainability Topic Hub,Trade Press,Global / EU-weighted,High,web,https://packagingeurope.com/news/fold-and-squeeze-paper-pack-dispenses-98-of-liquid-product-for-easy-use/14313.article,https://packagingeurope.com/topics/sustainability/,Fold-and-squeeze paper pack dispenses 98% of liquid product for easy use,[From Packaging Europe – Sustainability Topic Hub listing] Fold-and-squeeze paper pack dispenses 98% of liquid product for easy use,Packaging Europe – Sustainability Topic Hub,Certification / Testing Lab,Material performance claim,compostable,(not detected — see source),,,"Recyclability enabling tech (de-inking, wash-off, adhesive releasability)",Compostability certification path (industrial/home),,(unknown – manual review needed),2026-05-27,2026-05-27,assisted,0.75,extract_sources.py v1,2026-05-27,
EV-C84E0664,Packaging Europe – Sustainability Topic Hub,Trade Press,Global / EU-weighted,High,web,https://packagingeurope.com/sustainability/350.subject,https://packagingeurope.com/topics/sustainability/,View All Sustainability Articles,[From Packaging Europe – Sustainability Topic Hub listing] View All Sustainability Articles,Packaging Europe – Sustainability Topic Hub,Certification / Testing Lab,Material performance claim,compostable,(not detected — see source),,,"Recyclability enabling tech (de-inking, wash-off, adhesive releasability)",Compostability certification path (industrial/home),,(unknown – manual review needed),2026-05-27,2026-05-27,assisted,0.75,extract_sources.py v1,2026-05-27,
EV-446A1B20,Packaging Europe – Sustainability Topic Hub,Trade Press,Global / EU-weighted,High,web,https://packagingeurope.com/news/fresh-fibre-fluting-added-to-holmens-ultra-lightweight-cartonboard-lineup/14310.article,https://packagingeurope.com/topics/sustainability/,Fresh-fibre fluting added to Holmen’s ‘ultra-lightweight’ cartonboard lineup,[From Packaging Europe – Sustainability Topic Hub listing] Fresh-fibre fluting added to Holmen’s ‘ultra-lightweight’ cartonboard lineup,Packaging Europe – Sustainability Topic Hub,Certification / Testing Lab,Material performance claim,compostable,(not detected — see source),,,Paperboard Cartons – Barrier & grease-resistant,"Recyclability enabling tech (de-inking, wash-off, adhesive releasability)",Compostability certification path (industrial/home),(unknown – manual review needed),2026-05-27,2026-05-27,assisted,0.75,extract_sources.py v1,2026-05-27,
EV-DF935C53,Packaging Europe – Sustainability Topic Hub,Trade Press,Global / EU-weighted,High,web,https://packagingeurope.com/features/tracking-the-biggest-sustainable-packaging-trends-with-spcs-olga-kachook/14306.article,https://packagingeurope.com/topics/sustainability/,Tracking the biggest sustainable packaging trends with SPC’s Olga Kachook,[From Packaging Europe – Sustainability Topic Hub listing] Tracking the biggest sustainable packaging trends with SPC’s Olga Kachook,Packaging Europe – Sustainability Topic Hub,Certification / Testing Lab,Material performance claim,compostable,(not detected — see source),,,"Recyclability enabling tech (de-inking, wash-off, adhesive releasability)",Compostability certification path (industrial/home),,(unknown – manual review needed),2026-05-27,2026-05-27,assisted,0.75,extract_sources.py v1,2026-05-27,
EV-7CD146DF,AF&PA – Industry Resources,Trade Assoc.,US,High,web,https://www.afandpa.org/statistics-resources/resources,https://www.afandpa.org/statistics-resources/resources,Industry Resources | AF&PA,The Voluntary Standard is an industry-supported set of test protocols to evaluate the repulpability and recyclability of coated or treated corrugated board and its equivalents (OCC-e). | Investing in and improving paper recycling has been an industry priority for decades. Download AF&PA's handout explaining our efforts to capture even more paper from the waste stream for recycling. | The…,AF&PA – Industry Resources,Certification / Testing Lab,Pilot / Trial / Customer validation,repulpable,(not detected — see source),,,"Recyclability enabling tech (de-inking, wash-off, adhesive releasability)","Fiber recovery compatibility (repulpability, screenability, stickies control)",,(unknown – manual review needed),2026-05-27,2026-05-27,assisted,0.75,extract_sources.py v1,2026-05-27,
EV-D808DB02,AF&PA – Industry Resources,Trade Assoc.,US,High,web,https://www.afandpa.org/statistics-resources/handout-decades-commitment-improve-paper-recycling,https://www.afandpa.org/statistics-resources/resources,Handout - Decades of Commitment to Improve Paper Recycling,[From AF&PA – Industry Resources listing] Handout - Decades of Commitment to Improve Paper Recycling,AF&PA – Industry Resources,Certification / Testing Lab,Pilot / Trial / Customer validation,,(not detected — see source),,,"Recyclability enabling tech (de-inking, wash-off, adhesive releasability)",,,(unknown – manual review needed),2026-05-27,2026-05-27,assisted,0.75,extract_sources.py v1,2026-05-27,
EV-8839C32E,AF&PA – Industry Resources,Trade Assoc.,US,High,web,https://www.afandpa.org/statistics-resources/where-recycled-paper-goes-graph,https://www.afandpa.org/statistics-resources/resources,Where Recycled Paper Goes Graph,[From AF&PA – Industry Resources listing] Where Recycled Paper Goes Graph,AF&PA – Industry Resources,Certification / Testing Lab,Pilot / Trial / Customer validation,,(not detected — see source),,,"Recyclability enabling tech (de-inking, wash-off, adhesive releasability)",,,(unknown – manual review needed),2026-05-27,2026-05-27,assisted,0.75,extract_sources.py v1,2026-05-27,
EV-8A8166A5,APR Design® Guide Overview,Trade Assoc. / DfR Authority,US / North America,Medium,web,https://plasticsrecycling.org/apr-design-hub/apr-design-guide-overview/,https://plasticsrecycling.org/apr-design-hub/apr-design-guide-overview/,APR Design Guide Overview - Association of Plastic Recyclers (APR),"The APR Design® Guide offers extensive design guidance and testing protocols, enabling you to assess every component of a package design based on widely accepted industry standards.",APR Design® Guide Overview,Waste/Recycling Operator / MRF,Pilot / Trial / Customer validation,,(not detected — see source),,,"Recyclability enabling tech (de-inking, wash-off, adhesive releasability)",,,(unknown – manual review needed),2026-05-27,2026-05-27,assisted,0.75,extract_sources.py v1,2026-05-27,
EV-DC4A26C3,APR Design® Guide Overview,Trade Assoc. / DfR Authority,US / North America,Medium,web,https://plasticsrecycling.org/apr-design-hub/recyclability-readiness-guide/,https://plasticsrecycling.org/apr-design-hub/apr-design-guide-overview/,Get the Recyclability Readiness Guide,[From APR Design® Guide Overview listing] Get the Recyclability Readiness Guide,APR Design® Guide Overview,Certification / Testing Lab,Recyclability / repulpability validation,,(not detected — see source),,,"Recyclability enabling tech (de-inking, wash-off, adhesive releasability)",,,(unknown – manual review needed),2026-05-27,2026-05-27,assisted,0.75,extract_sources.py v1,2026-05-27,
EV-89DB0DBD,How2Recycle (GreenBlue),Standards / Labeling Scheme,US & Canada,High,web,https://how2recycle.info/,https://how2recycle.info/,Home Page - How2Recycle,Recycling can be challenging. Our label is based on nationally harmonized data and provides consistent and transparent on-package disposal instructions to Americans and Canadians. | 1. Keep recycling loose in the bin. 2. Give food / drink containers a quick rinse. 3. Screw tops back onto bottles. | Your insights are essential to our program.,How2Recycle (GreenBlue),Certification / Testing Lab,Recyclability / repulpability validation,formability/draw depth,(not detected — see source),,,"Recyclability enabling tech (de-inking, wash-off, adhesive releasability)",,,(unknown – manual review needed),2026-05-27,2026-05-27,assisted,0.75,extract_sources.py v1,2026-05-27,
EV-5EF97A5A,How2Recycle (GreenBlue),Standards / Labeling Scheme,US & Canada,High,web,https://how2recycle.info/about-the-how2recycle-label/,https://how2recycle.info/,More About Recycling,[From How2Recycle (GreenBlue) listing] More About Recycling,How2Recycle (GreenBlue),Certification / Testing Lab,Recyclability / repulpability validation,formability/draw depth,(not detected — see source),,,"Recyclability enabling tech (de-inking, wash-off, adhesive releasability)",,,(unknown – manual review needed),2026-05-27,2026-05-27,assisted,0.75,extract_sources.py v1,2026-05-27,
EV-DBDA60A9,Sustainable Packaging Coalition (SPC / GreenBlue),NGO / Industry Collaborative,US / North America,High,web,https://sustainablepackaging.org/,https://sustainablepackaging.org/,Home - Sustainable Packaging Coalition,"Explore upcoming and past events from the SPC | Explore our pillars and what they stand for | Keep up with SPC news, including our Policy Roundup | Explore our library of resources available for download | The Sustainable Packaging Coalition carries out its mission and operates through its dedicated members. We bring together businesses, educational institutions, organizations, and government…",Sustainable Packaging Coalition (SPC / GreenBlue),Certification / Testing Lab,Material performance claim,,(not detected — see source),,,(not detected — see source),,,(unknown – manual review needed),2026-05-27,2026-05-27,assisted,0.6,extract_sources.py v1,2026-05-27,
EV-A00DE42F,Sustainable Packaging Coalition (SPC / GreenBlue),NGO / Industry Collaborative,US / North America,High,web,https://sustainablepackaging.org/2026/01/23/consumer-education-collaborative/,https://sustainablepackaging.org/,"Consumer Education Collaborative In our new Collaborative, we’ll educate consumers around recycling and more key sustainable packaging topics.","[From Sustainable Packaging Coalition (SPC / GreenBlue) listing] Consumer Education Collaborative In our new Collaborative, we’ll educate consumers around recycling and more key sustainable packaging topics.",Sustainable Packaging Coalition (SPC / GreenBlue),Certification / Testing Lab,Material performance claim,,(not detected — see source),,,"Recyclability enabling tech (de-inking, wash-off, adhesive releasability)",,,(unknown – manual review needed),2026-05-27,2026-05-27,assisted,0.75,extract_sources.py v1,2026-05-27,
EV-F4B46EA5,U.S. EPA – Sustainable Materials Management,Regulator,US,Medium,web,https://www.epa.gov/smm,https://www.epa.gov/smm,Sustainable Materials Management | US EPA,"National Strategy to Prevent Plastic Pollution On November 21, EPA published the ""National Strategy to Prevent Plastic Pollution,"" which focuses on actions to eliminate the release of plastic pollution into the environment. | On November 21, EPA published the ""National Strategy to Prevent Plastic Pollution,"" which focuses on actions to eliminate the release of plastic pollution into the…",U.S. EPA – Sustainable Materials Management,Regulatory / Standards Body,Regulatory milestone,,(not detected — see source),,,"Recyclability enabling tech (de-inking, wash-off, adhesive releasability)",,,(unknown – manual review needed),2015-08-10,2026-05-27,assisted,0.75,extract_sources.py v1,2026-05-27,
EV-3A62D48A,U.S. EPA – Sustainable Materials Management,Regulator,US,Medium,web,https://www.epa.gov/circulareconomy/national-strategy-prevent-plastic-pollution,https://www.epa.gov/smm,"""National Strategy to Prevent Plastic Pollution,""","[From U.S. EPA – Sustainable Materials Management listing] ""National Strategy to Prevent Plastic Pollution,""",U.S. EPA – Sustainable Materials Management,Regulatory / Standards Body,Regulatory milestone,,(not detected — see source),,,"Recyclability enabling tech (de-inking, wash-off, adhesive releasability)",,,(unknown – manual review needed),2015-08-10,2026-05-27,assisted,0.75,extract_sources.py v1,2026-05-27,
EV-899FF911,U.S. EPA – Sustainable Materials Management,Regulator,US,Medium,web,https://www.epa.gov/circulareconomy/america-recycles-day,https://www.epa.gov/smm,Read about America Recycles Day.,[From U.S. EPA – Sustainable Materials Management listing] Read about America Recycles Day.,U.S. EPA – Sustainable Materials Management,Regulatory / Standards Body,Regulatory milestone,,(not detected — see source),,,"Recyclability enabling tech (de-inking, wash-off, adhesive releasability)",,,(unknown – manual review needed),2015-08-10,2026-05-27,assisted,0.75,extract_sources.py v1,2026-05-27,
EV-11ED248F,U.S. EPA – Sustainable Materials Management,Regulator,US,Medium,web,https://www.epa.gov/circulareconomy/national-strategy-reducing-food-loss-and-waste-and-recycling-organics,https://www.epa.gov/smm,“National Strategy for Reducing Food Loss and Waste and Recycling Organics.”,[From U.S. EPA – Sustainable Materials Management listing] “National Strategy for Reducing Food Loss and Waste and Recycling Organics.”,U.S. EPA – Sustainable Materials Management,Regulatory / Standards Body,Regulatory milestone,,(not detected — see source),,,"Recyclability enabling tech (de-inking, wash-off, adhesive releasability)",,,(unknown – manual review needed),2015-08-10,2026-05-27,assisted,0.75,extract_sources.py v1,2026-05-27,
EV-14AC50D2,FTC – Green Guides,Regulator,US,High,web,https://www.ftc.gov/legal-library/browse/rules/green-guides,https://www.ftc.gov/legal-library/browse/rules/green-guides,Green Guides,The Green Guides were issued to help marketers ensure that the claims they are making are true and substantiated. The guidance they provide includes: | general principles that apply to all environmental marketing claims; | how consumers are likely to interpret particular claims and how marketers can substantiate these claims; and | how marketers can qualify their claims to avoid deceiving…,FTC – Green Guides,Regulatory / Standards Body,Patent / IP,,(not detected — see source),,,(not detected — see source),,,(unknown – manual review needed),2013-11-08,2026-05-27,assisted,0.6,extract_sources.py v1,2026-05-27,
EV-38597C75,Oregon DEQ – Recycling Modernization Act / Packaging EPR,Regulator,US (Oregon),High,web,https://www.oregon.gov/deq/recycling/Pages/Modernizing-Oregons-Recycling-System.aspx,https://www.oregon.gov/deq/recycling/Pages/Modernizing-Oregons-Recycling-System.aspx,Department of Environmental Quality : Plastic Pollution and Recycling Modernization Act : Recycling : State of Oregon,Your browser is out-of-date! It has known security flaws and may not display all features of this and other websites. Learn how,Oregon DEQ – Recycling Modernization Act / Packaging EPR,Regulatory / Standards Body,Regulatory milestone,,(not detected — see source),,,"Recyclability enabling tech (de-inking, wash-off, adhesive releasability)",,,(unknown – manual review needed),2026-05-27,2026-05-27,assisted,0.75,extract_sources.py v1,2026-05-27,
EV-E36F528B,CalRecycle – SB 54 Packaging EPR,Regulator,US (California),High,web,https://calrecycle.ca.gov/packaging/packaging-epr/,https://calrecycle.ca.gov/packaging/packaging-epr/,SB 54: Plastic Pollution Prevention and Packaging Producer Responsibility Act,"SB 54 establishes a new extended producer responsibility (EPR) program to manage packaging and single-use plastic food service ware products across every sector of the economy. | EPR gives primary responsibility for managing products after their useful life to producers, who can design and market products to be more easily reused or recycled. | On May 1, 2026, the Office of Administrative Law…",CalRecycle – SB 54 Packaging EPR,Regulatory / Standards Body,Regulatory milestone,,(not detected — see source),,,"Recyclability enabling tech (de-inking, wash-off, adhesive releasability)",,,(unknown – manual review needed),2026-05-27,2026-05-27,assisted,0.75,extract_sources.py v1,2026-05-27,
EV-53A3E4E0,CalRecycle – SB 54 Packaging EPR,Regulator,US (California),High,web,https://calrecycle.ca.gov/emailupdates/,https://calrecycle.ca.gov/packaging/packaging-epr/,See all CalRecycle lists and previous messages.,[From CalRecycle – SB 54 Packaging EPR listing] See all CalRecycle lists and previous messages.,CalRecycle – SB 54 Packaging EPR,Regulatory / Standards Body,Regulatory milestone,,(not detected — see source),,,"Recyclability enabling tech (de-inking, wash-off, adhesive releasability)",,,(unknown – manual review needed),2026-05-27,2026-05-27,assisted,0.75,extract_sources.py v1,2026-05-27,
EV-7231F849,CalRecycle – SB 54 Packaging EPR,Regulator,US (California),High,web,https://calrecycle.ca.gov/packaging/packaging-epr/advisoryboard/,https://calrecycle.ca.gov/packaging/packaging-epr/,Explore Advisory Board,[From CalRecycle – SB 54 Packaging EPR listing] Explore Advisory Board,CalRecycle – SB 54 Packaging EPR,Regulatory / Standards Body,Regulatory milestone,,(not detected — see source),,,"Recyclability enabling tech (de-inking, wash-off, adhesive releasability)",,,(unknown – manual review needed),2026-05-27,2026-05-27,assisted,0.75,extract_sources.py v1,2026-05-27,
EV-40E6117C,Colorado CDPHE – Producer Responsibility Program,Regulator,US (Colorado),High,web,https://cdphe.colorado.gov/hm/epr-program,https://cdphe.colorado.gov/hm/epr-program,Producer Responsibility Program | Colorado Department of Public Health and Environment,"In 2025, the Colorado Department of Public Health and Environment approved Circular Action Alliance’s program plan, marking a major step toward free, convenient recycling for every Colorado household. | Under our oversight, this industry-funded and industry-run program shifts the cost of recycling from residents and local governments to the companies that produce and sell packaging. Additionally,…",Colorado CDPHE – Producer Responsibility Program,Certification / Testing Lab,Partnership / Joint development,,(not detected — see source),,,"Recyclability enabling tech (de-inking, wash-off, adhesive releasability)",,,(unknown – manual review needed),2026-05-27,2026-05-27,assisted,0.75,extract_sources.py v1,2026-05-27,
EV-9D522E59,Colorado CDPHE – Producer Responsibility Program,Regulator,US (Colorado),High,web,https://cdphe.colorado.gov/hm/prab-members,https://cdphe.colorado.gov/hm/epr-program,Producer Responsibility Advisory Board,[From Colorado CDPHE – Producer Responsibility Program listing] Producer Responsibility Advisory Board,Colorado CDPHE – Producer Responsibility Program,Regulatory / Standards Body,Regulatory milestone,,(not detected — see source),,,(not detected — see source),,,(unknown – manual review needed),2026-05-27,2026-05-27,assisted,0.6,extract_sources.py v1,2026-05-27,
EV-CDBCF77F,Colorado CDPHE – Producer Responsibility Program,Regulator,US (Colorado),High,web,https://cdphe.colorado.gov/hm/epr-advisory-board,https://cdphe.colorado.gov/hm/epr-program,Board members meet monthly to discuss and inform program implementation,[From Colorado CDPHE – Producer Responsibility Program listing] Board members meet monthly to discuss and inform program implementation,Colorado CDPHE – Producer Responsibility Program,Regulatory / Standards Body,Regulatory milestone,formability/draw depth,(not detected — see source),,,(not detected — see source),,,(unknown – manual review needed),2026-05-27,2026-05-27,assisted,0.6,extract_sources.py v1,2026-05-27,
EV-F812AD2C,Maine DEP – EPR Stewardship Program for Packaging,Regulator,US (Maine),High,web,https://www.maine.gov/dep/waste/recycle/epr.html,https://www.maine.gov/dep/waste/recycle/epr.html,"Extended Producer Responsibility for Packaging, Waste Management, Maine Department of Environmental Protection","Stay Informed: Recent Changes and Progress in the Packaging Stewardship Program (March 17, 2026) | Status Update on Appendix A â The Packaging Material Types List (September 9, 2025) | DEP Initiates Second Comment Period for Updated Draft Packaging Material Types List (July 28, 2025) | The Department of Environmental Protection is Seeking Input on Stewardship Services (May 7, 2025) | DEP Opens…",Maine DEP – EPR Stewardship Program for Packaging,Waste/Recycling Operator / MRF,Patent / IP,formability/draw depth,(not detected — see source),,,(not detected — see source),,,(unknown – manual review needed),2026-05-27,2026-05-27,assisted,0.6,extract_sources.py v1,2026-05-27,
EV-D1D0D491,Minnesota PCA – Packaging EPR,Regulator,US (Minnesota),High,web,https://www.pca.state.mn.us/air-water-land-climate/extended-producer-responsibility-for-packaging,https://www.pca.state.mn.us/air-water-land-climate/extended-producer-responsibility-for-packaging,Extended producer responsibility for packaging,"In early 2024, Minnesota’s extended producer responsibility bill for packaging, food packaging, and paper products was signed into law. | The Packaging Waste and Cost Reduction Act (Minn. Stat. § 115A.144-115A.1463) requires producers — generally the brand owner, manufacturer, or importer — to appoint and join a 501(c)3 nonprofit organization called a producer responsibility organization, to…",Minnesota PCA – Packaging EPR,Brand Owner / CPG,Regulatory milestone,,(not detected — see source),,,(not detected — see source),,,(unknown – manual review needed),2026-05-27,2026-05-27,assisted,0.6,extract_sources.py v1,2026-05-27,
EV-FBA47D6E,Minnesota PCA – Packaging EPR,Regulator,US (Minnesota),High,pdf,https://www.pca.state.mn.us/sites/default/files/w-ps1-05a.pdf,https://www.pca.state.mn.us/air-water-land-climate/extended-producer-responsibility-for-packaging,Packaging Waste and Cost Reduction Act (w-ps1-05a),[From Minnesota PCA – Packaging EPR listing] Packaging Waste and Cost Reduction Act (w-ps1-05a),Minnesota PCA – Packaging EPR,Regulatory / Standards Body,Regulatory milestone,,(not detected — see source),,,(not detected — see source),,,(unknown – manual review needed),2026-05-27,2026-05-27,assisted,0.6,extract_sources.py v1,2026-05-27,
EV-1DE3274D,Minnesota PCA – Packaging EPR,Regulator,US (Minnesota),High,pdf,https://www.pca.state.mn.us/sites/default/files/w-ps1-05b.pdf,https://www.pca.state.mn.us/air-water-land-climate/extended-producer-responsibility-for-packaging,Packaging Waste and Cost Reduction Act - impacted parties (w-ps1-05b),[From Minnesota PCA – Packaging EPR listing] Packaging Waste and Cost Reduction Act - impacted parties (w-ps1-05b),Minnesota PCA – Packaging EPR,Regulatory / Standards Body,Regulatory milestone,,(not detected — see source),,,(not detected — see source),,,(unknown – manual review needed),2026-05-27,2026-05-27,assisted,0.6,extract_sources.py v1,2026-05-27,
EV-542C6ED3,Minnesota PCA – Packaging EPR,Regulator,US (Minnesota),High,web,https://www.pca.state.mn.us/air-water-land-climate/packaging-extended-producer-responsibility-advisory-board,https://www.pca.state.mn.us/air-water-land-climate/extended-producer-responsibility-for-packaging,appoints an advisory board,[From Minnesota PCA – Packaging EPR listing] appoints an advisory board,Minnesota PCA – Packaging EPR,Regulatory / Standards Body,Regulatory milestone,,(not detected — see source),,,(not detected — see source),,,(unknown – manual review needed),2026-05-27,2026-05-27,assisted,0.6,extract_sources.py v1,2026-05-27,
EV-9C0CE691,CCME – EPR Guidance for Plastics,Standards/Policy Body,Canada,High,pdf,https://ccme.ca/en/res/eprguidanceen.pdf,https://ccme.ca/en/res/eprguidanceen.pdf,CCME – EPR Guidance for Plastics,"%PDF-1.6 %���� 5686 0 obj <> endobj 5705 0 obj <>/Encrypt 5687 0 R/Filter/FlateDecode/ID[]/Index[5686 310]/Info 5685 0 R/Length 123/Prev 1483438/Root 5688 0 R/Size 5996/Type/XRef/W[1 3 1]>>stream h�bbd```b`�������m0�""Y�@$� ��� �T�Ev�ȍ ���O� Y�b��S�@$�+��.�]�""�b�@""@{�!y���w�%q��sG�a�MW�$Q����6 �q� endstream endobj startxref 0 %%EOF 5995 0 obj <>stream…",CCME – EPR Guidance for Plastics,Regulatory / Standards Body,Regulatory milestone,,(not detected — see source),,,(not detected — see source),,,(unknown – manual review needed),2026-05-27,2026-05-27,assisted,0.6,extract_sources.py v1,2026-05-27,
EV-362150AE,EPPA (European Paper Packaging Alliance),Trade Assoc.,EU,Medium,web,https://eppa-eu.org/,https://eppa-eu.org/,European Paper Packaging Alliance - Home,The European Paper Packaging Alliance is a not-for-profit association promoting sustainability and circularity in the food packaging sectors.,EPPA (European Paper Packaging Alliance),Regulatory / Standards Body,Partnership / Joint development,,(not detected — see source),,,(not detected — see source),,,(unknown – manual review needed),2026-05-27,2026-05-27,assisted,0.6,extract_sources.py v1,2026-05-27,
EV-57DA08C0,ISO 18601 – Packaging & Environment,Standards Organization,Global,High,web,https://www.iso.org/standard/55869.html,https://www.iso.org/standard/55869.html,ISO 18601:2013,"ISO 18601:2013 specifies requirements and procedures for the other International Standards in this series on packaging and the environment: ISO 18602, ISO 18603, ISO 18604, ISO 18605, and ISO 18606. | It is applicable to a supplier responsible for placing packaging or packaged goods on the market. | Status : Published Publication date : 2013-01 Stage : International Standard confirmed [90.93] |…",ISO 18601 – Packaging & Environment,Regulatory / Standards Body,Regulatory milestone,,(not detected — see source),,,(not detected — see source),,,(unknown – manual review needed),20240124,2026-05-27,assisted,0.6,extract_sources.py v1,2026-05-27,
EV-D0A60880,ISO 18601 – Packaging & Environment,Standards Organization,Global,High,web,https://www.iso.org/sdg,https://www.iso.org/standard/55869.html,Sustainable Development Goals,[From ISO 18601 – Packaging & Environment listing] Sustainable Development Goals,ISO 18601 – Packaging & Environment,Regulatory / Standards Body,Regulatory milestone,,(not detected — see source),,,(not detected — see source),,,(unknown – manual review needed),20240124,2026-05-27,assisted,0.6,extract_sources.py v1,2026-05-27,
EV-0FFB8EBE,ISO 18601 – Packaging & Environment,Standards Organization,Global,High,web,https://www.iso.org/sdg/SDG11.html,https://www.iso.org/standard/55869.html,11 Sustainable Cities and Communities,[From ISO 18601 – Packaging & Environment listing] 11 Sustainable Cities and Communities,ISO 18601 – Packaging & Environment,Regulatory / Standards Body,Regulatory milestone,,(not detected — see source),,,(not detected — see source),,,(unknown – manual review needed),20240124,2026-05-27,assisted,0.6,extract_sources.py v1,2026-05-27,
EV-F577AEFE,CEN/TC 261 – Packaging (CEN/CENELEC),Standards Organization,EU,Medium,web,"https://standards.cencenelec.eu/ords/f?p=205:110:::::FSP_ORG_ID,FSP_PROJECT:6242,78294","https://standards.cencenelec.eu/ords/f?p=205:110:::::FSP_ORG_ID,FSP_PROJECT:6242,78294",DashBoard TC PubDeatil,,CEN/TC 261 – Packaging (CEN/CENELEC),Certification / Testing Lab,Regulatory milestone,,(not detected — see source),,,"Recyclability enabling tech (de-inking, wash-off, adhesive releasability)",,,(unknown – manual review needed),2026-05-27,2026-05-27,assisted,0.65,extract_sources.py v1,2026-05-27,
EV-B9C0E7C3,Ellen MacArthur Foundation,NGO / Thought Leadership,Global,Medium,web,https://www.ellenmacarthurfoundation.org/,https://www.ellenmacarthurfoundation.org/,Leading the Transition to a Circular Economy,"Through design, we can eliminate waste and pollution, circulate products and materials, and regenerate nature, creating an economy that benefits people, business, and the natural world.",Ellen MacArthur Foundation,Technology Provider,Material performance claim,,(not detected — see source),,,(not detected — see source),,,(unknown – manual review needed),2026-05-27,2026-05-27,assisted,0.6,extract_sources.py v1,2026-05-27,
EV-51C6C8C8,Ellen MacArthur Foundation,NGO / Thought Leadership,Global,Medium,web,https://www.ellenmacarthurfoundation.org/topics/plastics/overview,https://www.ellenmacarthurfoundation.org/,"How to Prevent Plastic Pollution and Eliminate WasteDiscover how the circular economy can help eliminate plastic waste, reduce pollution and drive...","[From Ellen MacArthur Foundation listing] How to Prevent Plastic Pollution and Eliminate WasteDiscover how the circular economy can help eliminate plastic waste, reduce pollution and drive...",Ellen MacArthur Foundation,Technology Provider,Material performance claim,,(not detected — see source),,,(not detected — see source),,,(unknown – manual review needed),2026-05-27,2026-05-27,assisted,0.6,extract_sources.py v1,2026-05-27,
EV-EC528F31,Ellen MacArthur Foundation,NGO / Thought Leadership,Global,Medium,web,https://www.ellenmacarthurfoundation.org/topics/fashion/overview,https://www.ellenmacarthurfoundation.org/,Keeping fashion and textiles in useTogether we can tackle the barriers to circular economy implementation at scale and keep fashion...,[From Ellen MacArthur Foundation listing] Keeping fashion and textiles in useTogether we can tackle the barriers to circular economy implementation at scale and keep fashion...,Ellen MacArthur Foundation,Technology Provider,Material performance claim,,(not detected — see source),,,(not detected — see source),,,(unknown – manual review needed),2026-05-27,2026-05-27,assisted,0.6,extract_sources.py v1,2026-05-27,
EV-5BDFBAA9,Circular Action Alliance – Oregon,PRO / Implementation Body,US (Oregon),High,web,https://circularactionalliance.org/oregon,https://circularactionalliance.org/oregon,Oregon — Circular Action Alliance,"The Plastic Pollution and Recycling Modernization Act requires producers of residential and commercial packaging, printing and writing paper, and food serviceware to join a Producer Responsibility Organization (PRO) and, through the PRO, fund the end of life management of those materials, which includes processing and recycling. | CAA Oregon is the only PRO with an approved program plan in…",Circular Action Alliance – Oregon,Certification / Testing Lab,Partnership / Joint development,printability,(not detected — see source),,,"Recyclability enabling tech (de-inking, wash-off, adhesive releasability)",,,(unknown – manual review needed),2026-05-19,2026-05-27,assisted,0.75,extract_sources.py v1,2026-05-27,
EV-C7896E37,Circular Action Alliance – Colorado,PRO / Implementation Body,US (Colorado),High,web,https://circularactionalliance.org/circular-action-alliance-colorado,https://circularactionalliance.org/circular-action-alliance-colorado,Colorado — Circular Action Alliance,"Colorado’s Producer Responsibility program for packaging and paper products requires covered producers to join a Producer Responsibility Organization (PRO), and through the PRO, fund and manage the end of life of those materials, which includes collection, processing, and recycling or composting. | CAA was approved by the Colorado Department of Public Health & Environment (CDPHE) as the PRO that…",Circular Action Alliance – Colorado,Certification / Testing Lab,Partnership / Joint development,,(not detected — see source),,,"Recyclability enabling tech (de-inking, wash-off, adhesive releasability)",,,(unknown – manual review needed),2025-12-10,2026-05-27,assisted,0.75,extract_sources.py v1,2026-05-27,
EV-1693BB88,Paper360° (TAPPI),Trade Press / Technical,US / Global,High,web,https://paper360.tappi.org/,https://paper360.tappi.org/,Paper360 – TAPPI's packaging & paper technology journal,"Paper360° covers fiber systems, paper & packaging technology, coatings, and barriers. Published by TAPPI (Technical Association of the Pulp & Paper Industry). Key coverage: molded fiber, paper-based flexible packaging, barrier coatings, recyclability/repulpability validation. [BLOCKED: Site returned 530 – Cloudflare protection. Visit directly for latest articles.]",TAPPI / Paper360,Certification / Testing Lab,Material performance claim,repulpable; grease resistance; WVTR; OTR; heat-sealability,Food – Ambient Snacks & Bakery,QSR / Foodservice – To-go / Hot-hold / Grease,E-commerce – SIOC / Protective,Paper-based Flexibles – Recyclable barrier coatings,Dispersion/Water-based barrier coatings,"Fiber recovery compatibility (repulpability, screenability, stickies control)",(unknown – manual review needed),2026-05-27,2026-05-27,manual,0.55,extract_sources.py v1 (manual stub),2026-05-27,BLOCKED by Cloudflare 530. Use TAPPI.org or direct browser access for content. High relevance for technical barrier coating & fiber performance claims.
EV-F092B914,Environment and Climate Change Canada – EPR Overview,Regulator / Policy Authority,Canada,Medium,web,https://www.canada.ca/en/environment-climate-change/services/managing-reducing-waste/overview-extended-producer-responsibility.html,https://www.canada.ca/en/environment-climate-change/services/managing-reducing-waste/overview-extended-producer-responsibility.html,Overview of Extended Producer Responsibility – Environment and Climate Change Canada,"Federal Government of Canada policy overview on Extended Producer Responsibility (EPR). Canada has provincial-level EPR programs; the federal government provides framework guidance. Provinces with active packaging EPR: British Columbia, Ontario, Quebec, Manitoba, Saskatchewan, Alberta, Nova Scotia, PEI. Key milestone: Federal Plastics Registry (SOR/2023-279) requires plastics manufacturers/importers to report data. [BLOCKED: 403 from Akamai CDN. Access via browser or VPN.]",Government of Canada / Environment and Climate Change Canada,Regulatory / Standards Body,Regulatory milestone,recycled content; PFAS-free,Food – Ambient Snacks & Bakery,Beverage – Multipacks & Secondary,,"Recyclability enabling tech (de-inking, wash-off, adhesive releasability)",Compostability certification path (industrial/home),,(not applicable – regulatory/policy document),2026-05-27,2026-05-27,manual,0.5,extract_sources.py v1 (manual stub),2026-05-27,BLOCKED by Akamai (403). Recommend manual access. Federal EPR overview relevant for Canada market scope – moderate signal strength for SW as US-focus is primary.
EV-B787B82D,Packaging World – EMF 2030 Coverage,Trade Press,US / Global,Medium,web,https://www.packworld.com/sustainable-packaging/article/22953796/in-the-ellen-macarthur-foundations-2030-report-real-progress-but-not-enough,https://www.packworld.com/sustainable-packaging/article/22953796/in-the-ellen-macarthur-foundations-2030-report-real-progress-but-not-enough,"In the Ellen MacArthur Foundation's 2030 Report: Real Progress, But Not Enough – Packaging World",Packaging World analysis of the Ellen MacArthur Foundation's 2030 progress report on plastics packaging. Key findings: brand commitments to recyclable/reusable packaging are advancing but falling short of 2025 targets. Flexible packaging and hard-to-recycle formats remain the largest gap. Paper-based and fiber alternatives cited as gaining traction. [BLOCKED: 403 Forbidden. Access via direct browser visit.],Packaging World / Ellen MacArthur Foundation,Brand Owner / CPG,Pilot / Trial / Customer validation,curbside recyclable; recycled content; carbon footprint,Food – Ambient Snacks & Bakery,Beverage – Multipacks & Secondary,Home Care – Detergent / Pods / Refills,Paper-based Flexibles – Recyclable barrier coatings,"Recyclability enabling tech (de-inking, wash-off, adhesive releasability)",,(unknown – manual review needed),2026-05-27,2026-05-27,manual,0.55,extract_sources.py v1 (manual stub),2026-05-27,BLOCKED: 403 Forbidden. Article discusses brand adoption trends vs EMF 2030 targets. Relevant signal for desirability/brand pull for fiber and recyclable packaging alternatives.
